B01N5IB20Q,giustountest
B01N5IB20Q,giustountest2
B08HHDP9DW,https://www.amazon.it/ASUS-DisplayPort-cuscinetti-certificazione-militare/dp/B08HHDP9DW?ref_=ast_sto_dp
B08HGLN78Q,https://www.amazon.it/EVGA-GeForce-10G-P5-3883-KR-Cooling-Backplate/dp/B08HGLN78Q?ref_=ast_sto_dp&th=1&psc=1
B08HGBYWQ6,https://www.amazon.it/EVGA-GeForce-10G-P5-3895-KR-Technology-Backplate/dp/B08HGBYWQ6?ref_=ast_sto_dp&th=1&psc=1
B08HGYXP4C,https://www.amazon.it/EVGA-GeForce-10G-P5-3897-KR-Technology-Backplate/dp/B08HGYXP4C?ref_=ast_sto_dp&th=1&psc=1
B08HH1BMQQ,https://www.amazon.it/EVGA-GeForce-GAMING-10G-P5-3881-KR-Cooling/dp/B08HH1BMQQ?ref_=ast_sto_dp&th=1&psc=1
B08HJ9XFNM,https://www.amazon.it/EVGA-GeForce-10G-P5-3885-KR-Cooling-Backplate/dp/B08HJ9XFNM?ref_=ast_sto_dp&th=1&psc=1
B08HLZXHZY,https://www.amazon.it/Gigabyte-GeForce-GAMING-GV-N3080GAMING-OC-10GD/dp/B08HLZXHZY?ref_=ast_sto_dp
B08HHZVZ3N,https://www.amazon.it/Gigabyte-GeForce-RTX-3080-EAGLE/dp/B08HHZVZ3N?ref_=ast_sto_dp
B08KH7RL89,https://www.amazon.it/Gigabyte-GeForce-RTX-3080-VISION/dp/B08KH7RL89?ref_=ast_sto_dp
B08KHLDS72,https://www.amazon.it/Gigabyte-AORUS-GeForce-3080-MASTER/dp/B08KHLDS72?ref_=ast_sto_dp
B08KJ3VKLQ,https://www.amazon.it/Gigabyte-GeForce-raffreddamento-GV-N3080AORUS-M-10GD/dp/B08KJ3VKLQ?ref_=ast_sto_dp
B08HJTH61J,https://www.amazon.it/GIGABYTE-GeForce-WINDFORCE-GV-N3080GAMING-OC-10GD/dp/B08HJTH61J?ref_=ast_sto_dp
B08JD6QPXD,https://www.amazon.it/INNO3D-GeForce-RTX-3080-Twin/dp/B08JD6QPXD?ref_=ast_sto_dp
B08HM4M621,https://www.amazon.it/MSI-GeForce-Express-Supporto-Afterburner/dp/B08HM4M621?ref_=ast_sto_dp&th=1&psc=1
B08HM4V2DH,https://www.amazon.it/MSI-GeForce-Grafica-Express-DisplayPort/dp/B08HM4V2DH?ref_=ast_sto_dp&th=1&psc=1
B08JCVWTQY,https://www.amazon.it/Palit-NED3080019IA-132AA-Scheda-GeForce-Express/dp/B08JCVWTQY?ref_=ast_sto_dp&th=1&psc=1
B08JCKYYL8,https://www.amazon.it/Palit-NED3080S19IA-132AA-Scheda-GeForce-Express/dp/B08JCKYYL8?ref_=ast_sto_dp
B08HBTJMLJ,https://www.amazon.it/PNY-Scheda-Grafica-GeForce-UPRISING/dp/B08HBTJMLJ?ref_=ast_sto_dp
B08HBR7QBM,https://www.amazon.it/PNY-Scheda-Grafica-GeForce-Gaming/dp/B08HBR7QBM?ref_=ast_sto_dp
B08HVV2P4Z,https://www.amazon.it/Zotac-IceStorm-Advanced-Illuminazione-ZT-A30800D-10P/dp/B08HVV2P4Z?ref_=ast_sto_dp
B08HR1NPPQ,https://www.amazon.it/Scheda-grafica-Geforce-RTX-3080/dp/B08HR1NPPQ?ref_=ast_sto_dp
B08KGVL9JQ,https://www.amazon.it/ZOTAC-GeForce-RTX-3080-Holo/dp/B08KGVL9JQ?ref_=ast_sto_dp
B08HJNKT3P,https://www.amazon.it/Zotac-IceStorm-Advanced-Illuminazione-ZT-A30800D-10P/dp/B08HJNKT3P?ref_=ast_sto_dp
B08PC6N5LB,https://www.amazon.it/Zotac-Gaming-ZT-A30800D-10P-raffreddamento-illuminazione/dp/B08PC6N5LB?ref_=ast_sto_dp